time,open,high,low,close,volume,ticker
2019-03-01,4090,4260,4090,4160,4840,ELC
2019-03-04,4160,4260,4070,4090,15570,ELC
2019-03-05,4160,4160,4090,4090,36620,ELC
2019-03-06,4090,4120,4090,4090,5240,ELC
2019-03-07,4110,4190,4090,4090,50950,ELC
2019-03-08,4090,4120,4090,4090,38610,ELC
2019-03-11,4090,4120,4090,4120,19270,ELC
2019-03-12,4120,4410,4120,4410,104560,ELC
2019-03-13,4680,4680,4510,4560,152290,ELC
2019-03-14,4510,4510,4270,4410,104590,ELC
2019-03-15,4160,4270,4110,4120,191490,ELC
2019-03-18,4090,4130,4059,4090,70630,ELC
2019-03-19,4090,4090,3980,3980,60540,ELC
2019-03-20,3940,4090,3940,3980,45080,ELC
2019-03-21,4070,4070,3950,4040,7680,ELC
2019-03-22,4059,4059,3860,3910,41770,ELC
2019-03-25,3910,3910,3730,3890,32190,ELC
2019-03-26,3900,3900,3850,3900,18470,ELC
2019-03-27,3920,3920,3890,3900,12250,ELC
2019-03-28,3890,3890,3800,3860,7420,ELC
2019-03-29,4090,4090,3800,3870,6920,ELC
2019-04-01,3910,3980,3760,3920,20400,ELC
2019-04-02,3920,3950,3800,3950,14340,ELC
2019-04-03,3950,3980,3950,3960,1880,ELC
2019-04-04,3960,3960,3960,3960,27020,ELC
2019-04-05,3960,3960,3960,3960,0,ELC
2019-04-08,3860,3920,3840,3920,15540,ELC
2019-04-09,3860,3920,3860,3910,48340,ELC
2019-04-10,3890,3930,3860,3920,8220,ELC
2019-04-11,3910,3930,3860,3860,15970,ELC
2019-04-12,3920,3950,3920,3950,44480,ELC
2019-04-16,3950,3980,3840,3950,16890,ELC
2019-04-17,3920,4000,3920,3960,85520,ELC
2019-04-18,3970,4090,3950,3960,64370,ELC
2019-04-19,4090,4090,3940,4040,6990,ELC
2019-04-22,4040,4040,3760,3760,72780,ELC
2019-04-23,3760,3950,3760,3850,49780,ELC
2019-04-24,3950,3950,3860,3860,32430,ELC
2019-04-25,3860,3860,3860,3860,66870,ELC
2019-04-26,3810,4030,3810,3840,41560,ELC
2019-05-02,3840,3890,3840,3890,690,ELC
2019-05-03,3920,3930,3860,3930,13920,ELC
2019-05-06,3860,4190,3860,4090,84130,ELC
2019-05-07,4190,4270,3980,4160,69680,ELC
2019-05-08,4210,4240,3920,3930,53330,ELC
2019-05-09,3930,4070,3870,3890,3210,ELC
2019-05-10,3870,3900,3870,3900,6310,ELC
2019-05-13,3920,3920,3820,3840,3220,ELC
2019-05-14,3890,3900,3890,3890,14150,ELC
2019-05-15,3890,3920,3860,3920,1110,ELC
2019-05-16,3910,4040,3910,4040,63100,ELC
2019-05-17,4090,4090,3930,4030,80,ELC
2019-05-20,4090,4090,3920,3920,5200,ELC
2019-05-21,4030,4030,3870,3870,3460,ELC
2019-05-22,3870,3870,3810,3860,34570,ELC
2019-05-23,4040,4040,3810,3830,9430,ELC
2019-05-24,3810,3960,3810,3860,10610,ELC
2019-05-27,3860,3860,3860,3860,6700,ELC
2019-05-28,4010,4010,3860,3880,12600,ELC
2019-05-29,3870,4090,3870,4040,18650,ELC
2019-05-30,3990,4040,3990,3990,70140,ELC
2019-05-31,4090,4090,3990,3990,27120,ELC
2019-06-03,3990,3990,3870,3930,6500,ELC
2019-06-04,4160,4160,3930,4110,20430,ELC
2019-06-05,4110,4110,3980,4059,19280,ELC
2019-06-06,4059,4070,4059,4070,17450,ELC
2019-06-07,4070,4090,4070,4070,25310,ELC
2019-06-10,4100,4110,3940,4040,34250,ELC
2019-06-11,3980,4040,3980,3980,36420,ELC
2019-06-12,3980,4059,3960,3970,58030,ELC
2019-06-13,3980,4090,3960,3990,52130,ELC
2019-06-14,4090,4100,3990,4100,84850,ELC
2019-06-17,4160,4240,4010,4240,109140,ELC
2019-06-18,4160,4240,4090,4190,58390,ELC
2019-06-19,4180,4270,4160,4180,63650,ELC
2019-06-20,4090,4160,3980,3980,42060,ELC
2019-06-21,3980,4010,3980,3980,16760,ELC
2019-06-24,3990,4160,3990,4090,17360,ELC
2019-06-25,4090,4160,4040,4040,7250,ELC
2019-06-26,4090,4090,3950,4070,86310,ELC
2019-06-27,4059,4059,3960,3970,32560,ELC
2019-06-28,4019,4019,3920,3960,34710,ELC
2019-07-01,3980,3980,3960,3960,5720,ELC
2019-07-02,3980,3980,3960,3980,10210,ELC
2019-07-03,3980,4010,3920,3990,10150,ELC
2019-07-04,3970,4090,3970,3990,75850,ELC
2019-07-05,3980,4090,3980,3980,16010,ELC
2019-07-08,3990,4090,3980,4059,23850,ELC
2019-07-09,4090,4120,4040,4090,28430,ELC
2019-07-10,4090,4090,4040,4040,24520,ELC
2019-07-11,4090,4120,4040,4120,24480,ELC
2019-07-12,4090,4120,4040,4090,30560,ELC
2019-07-15,4090,4160,4040,4090,22990,ELC
2019-07-16,4090,4090,4040,4090,20910,ELC
2019-07-17,4059,4090,4010,4040,29240,ELC
2019-07-18,4040,4040,4010,4040,27810,ELC
2019-07-19,4040,4040,3930,4010,18790,ELC
2019-07-22,3980,4010,3890,4010,11540,ELC
2019-07-23,3920,4010,3920,4010,36930,ELC
2019-07-24,3860,4090,3810,4010,7990,ELC
2019-07-25,4010,4070,4010,4070,5510,ELC
2019-07-26,4040,4059,3860,4030,47320,ELC
2019-07-29,3810,4030,3810,3920,2520,ELC
2019-07-30,3920,3920,3800,3860,18720,ELC
2019-07-31,3860,3860,3770,3770,18610,ELC
2019-08-01,3770,3860,3770,3860,39470,ELC
2019-08-02,3770,3860,3690,3860,26150,ELC
2019-08-05,3770,3800,3740,3800,3530,ELC
2019-08-06,3800,3860,3800,3860,4830,ELC
2019-08-07,3800,3840,3640,3810,540,ELC
2019-08-08,3810,3810,3690,3810,9560,ELC
2019-08-09,3800,3830,3710,3810,5550,ELC
2019-08-12,3810,3810,3800,3810,8860,ELC
2019-08-13,3810,3830,3800,3800,5190,ELC
2019-08-14,3800,3800,3710,3800,8520,ELC
2019-08-15,3800,3800,3740,3800,11950,ELC
2019-08-16,3800,3800,3740,3800,18210,ELC
2019-08-19,3800,3800,3690,3800,1020,ELC
2019-08-20,3740,3800,3740,3800,390,ELC
2019-08-21,3800,3840,3800,3800,14150,ELC
2019-08-22,3690,3800,3690,3800,11370,ELC
2019-08-23,3800,3800,3700,3800,3600,ELC
2019-08-26,3690,3800,3690,3770,4300,ELC
2019-08-27,3700,3790,3700,3790,700,ELC
2019-08-28,3800,3800,3740,3740,11180,ELC
2019-08-29,3860,3860,3720,3860,1020,ELC
2019-08-30,3860,3860,3850,3850,1380,ELC
2019-09-03,3740,3830,3740,3800,12020,ELC
2019-09-04,3740,3800,3690,3740,12210,ELC
2019-09-05,3800,3800,3710,3740,15560,ELC
2019-09-06,3800,3800,3660,3690,3580,ELC
2019-09-09,3800,3800,3690,3790,3600,ELC
2019-09-10,3790,3790,3790,3790,120,ELC
2019-09-11,3690,3740,3690,3740,1010,ELC
2019-09-12,3690,3800,3690,3800,760,ELC
2019-09-13,3790,3790,3580,3770,60960,ELC
2019-09-16,3790,3790,3530,3760,8280,ELC
2019-09-17,3690,3740,3690,3710,11040,ELC
2019-09-18,3800,3800,3580,3740,5220,ELC
2019-09-19,3690,3690,3580,3690,2330,ELC
2019-09-20,3690,3690,3630,3690,16620,ELC
2019-09-23,3850,3850,3740,3790,5030,ELC
2019-09-24,3790,3790,3600,3660,13570,ELC
2019-09-25,3800,3800,3650,3660,26620,ELC
2019-09-26,3570,3790,3570,3660,4030,ELC
2019-09-27,3630,3660,3630,3660,22070,ELC
2019-09-30,3740,3740,3600,3660,8280,ELC
2019-10-01,3710,3710,3410,3630,160250,ELC
2019-10-02,3510,3510,3400,3460,22130,ELC
2019-10-03,3670,3670,3420,3450,14200,ELC
2019-10-04,3510,3610,3280,3420,40610,ELC
2019-10-07,3310,3420,3310,3340,4630,ELC
2019-10-08,3510,3510,3320,3340,12500,ELC
2019-10-09,3340,3340,3340,3340,20300,ELC
2019-10-10,3390,3510,3340,3510,58400,ELC
2019-10-11,3410,3510,3410,3510,2890,ELC
2019-10-14,3500,3680,3500,3540,1670,ELC
2019-10-15,3570,3570,3310,3540,2420,ELC
2019-10-16,3410,3570,3410,3540,6030,ELC
2019-10-17,3510,3540,3510,3540,2630,ELC
2019-10-18,3560,3560,3450,3540,1040,ELC
2019-10-21,3570,3570,3510,3540,9670,ELC
2019-10-22,3510,3510,3340,3510,5760,ELC
2019-10-23,3570,3570,3370,3510,3740,ELC
2019-10-24,3510,3540,3390,3510,5890,ELC
2019-10-25,3530,3530,3400,3480,11420,ELC
2019-10-28,3390,3510,3360,3480,16670,ELC
2019-10-29,3480,3480,3390,3450,3110,ELC
2019-10-30,3450,3450,3390,3450,9190,ELC
2019-10-31,3410,3450,3390,3450,3970,ELC
2019-11-01,3510,3510,3390,3390,12010,ELC
2019-11-04,3450,3450,3360,3390,16670,ELC
2019-11-05,3420,3420,3360,3390,35820,ELC
2019-11-06,3390,3480,3390,3390,4930,ELC
2019-11-07,3340,3420,3340,3390,4030,ELC
2019-11-08,3390,3400,3380,3390,14490,ELC
2019-11-11,3400,3410,3340,3400,10270,ELC
2019-11-12,3340,3410,3340,3410,10460,ELC
2019-11-13,3410,3420,3290,3410,10900,ELC
2019-11-14,3410,3410,3340,3390,21470,ELC
2019-11-15,3390,3390,3280,3390,5100,ELC
2019-11-18,3400,3400,3340,3340,18870,ELC
2019-11-19,3340,3390,3340,3340,8710,ELC
2019-11-20,3310,3360,3300,3360,240,ELC
2019-11-21,3390,3390,3360,3360,4300,ELC
2019-11-22,3360,3430,3360,3380,2110,ELC
2019-11-25,3390,3390,3220,3220,26540,ELC
2019-11-26,3390,3390,3220,3320,4720,ELC
2019-11-27,3360,3360,3320,3320,14260,ELC
2019-11-28,3310,3320,3280,3300,12510,ELC
2019-11-29,3310,3310,3160,3310,27110,ELC
2019-12-02,3310,3310,3090,3230,24860,ELC
2019-12-03,3160,3240,3160,3240,19020,ELC
2019-12-04,3250,3250,3250,3250,2500,ELC
2019-12-05,3220,3250,3190,3250,21900,ELC
2019-12-06,3280,3330,3260,3330,7030,ELC
2019-12-09,3330,3340,3280,3330,1610,ELC
2019-12-10,3220,3340,3170,3330,4830,ELC
2019-12-11,3310,3310,3160,3220,4040,ELC
2019-12-12,3230,3280,3220,3280,2040,ELC
2019-12-13,3280,3410,3280,3410,61960,ELC
2019-12-16,3410,3440,3280,3430,25670,ELC
2019-12-17,3430,3440,3430,3440,3540,ELC
2019-12-18,3420,3440,3390,3390,3320,ELC
2019-12-19,3420,3420,3390,3390,4370,ELC
2019-12-20,3390,3400,3390,3400,3400,ELC
2019-12-23,3400,3450,3280,3420,5620,ELC
2019-12-24,3420,3510,3420,3510,140,ELC
2019-12-25,3450,3510,3340,3340,1340,ELC
2019-12-26,3340,3450,3340,3450,13200,ELC
2019-12-27,3450,3450,3360,3450,15320,ELC
2019-12-30,3450,3460,3390,3450,24920,ELC
2019-12-31,3510,3510,3450,3500,2330,ELC
2020-01-02,3500,3630,3500,3630,48770,ELC
2020-01-03,3570,3710,3570,3710,55100,ELC
2020-01-06,3650,3740,3650,3740,27210,ELC
2020-01-07,3740,3800,3710,3800,15430,ELC
2020-01-08,3710,4040,3710,3800,50230,ELC
2020-01-09,3920,3970,3740,3970,20760,ELC
2020-01-10,4030,4030,3860,4030,12800,ELC
2020-01-13,4030,4030,3930,3930,65420,ELC
2020-01-14,3930,3990,3930,3990,23570,ELC
2020-01-15,3990,3990,3980,3990,14200,ELC
2020-01-16,3920,3990,3920,3990,22820,ELC
2020-01-17,3940,3960,3930,3930,41900,ELC
2020-01-20,3740,3970,3740,3960,5320,ELC
2020-01-21,3960,3960,3920,3960,47820,ELC
2020-01-22,3950,3960,3930,3940,46290,ELC
2020-01-30,4040,4040,3920,3960,18090,ELC
2020-01-31,3960,3960,3890,3960,21700,ELC
2020-02-03,3920,3980,3890,3980,2590,ELC
2020-02-04,3980,3990,3740,3960,13820,ELC
2020-02-05,3940,3940,3800,3920,3440,ELC
2020-02-06,3800,3920,3710,3800,23660,ELC
2020-02-07,3860,3860,3740,3840,6280,ELC
2020-02-10,3740,3800,3570,3800,5100,ELC
2020-02-11,3800,4040,3800,3880,51720,ELC
2020-02-12,3810,3980,3810,3940,96790,ELC
2020-02-13,3980,3980,3940,3940,33170,ELC
2020-02-14,4000,4210,3930,4210,778790,ELC
2020-02-17,4510,4510,4450,4510,858500,ELC
2020-02-18,4600,4800,4450,4450,155030,ELC
2020-02-19,4300,4360,4190,4210,459310,ELC
2020-02-20,4210,4390,4080,4090,601000,ELC
2020-02-21,4070,4270,4040,4080,263990,ELC
2020-02-24,3920,4030,3800,3800,180370,ELC
2020-02-25,3620,3680,3540,3570,498280,ELC
2020-02-26,3420,3690,3340,3510,155920,ELC
2020-02-27,3510,3630,3470,3630,109630,ELC
2020-02-28,3520,3550,3440,3450,108190,ELC
2020-03-02,3450,3450,3380,3380,46730,ELC
2020-03-03,3380,3450,3380,3400,70000,ELC
2020-03-04,3400,3600,3390,3600,122850,ELC
2020-03-05,3630,3740,3460,3600,145100,ELC
2020-03-06,3600,3600,3450,3460,61850,ELC
2020-03-09,3220,3350,3220,3220,220020,ELC
2020-03-10,3220,3330,3220,3250,73910,ELC
2020-03-11,3250,3340,3110,3120,33560,ELC
2020-03-12,2960,3100,2900,2900,194400,ELC
2020-03-13,2700,2840,2700,2700,148230,ELC
2020-03-16,2700,2720,2530,2640,141250,ELC
2020-03-17,2640,2690,2580,2690,70370,ELC
2020-03-18,2750,2840,2700,2770,16700,ELC
2020-03-19,2690,2780,2690,2690,33400,ELC
2020-03-20,2770,2780,2690,2690,53700,ELC
2020-03-23,2690,2690,2510,2510,133290,ELC
2020-03-24,2510,2530,2360,2510,32640,ELC
2020-03-25,2510,2690,2510,2690,91340,ELC
2020-03-26,2690,2690,2510,2610,31170,ELC
2020-03-27,2460,2630,2460,2630,14070,ELC
2020-03-30,2440,2510,2440,2440,71410,ELC
2020-03-31,2570,2570,2280,2440,49240,ELC
2020-04-01,2510,2510,2440,2440,7600,ELC
2020-04-03,2440,2570,2440,2570,18270,ELC
2020-04-06,2570,2610,2440,2540,95010,ELC
2020-04-07,2540,2600,2460,2570,30720,ELC
2020-04-08,2610,2660,2470,2660,24290,ELC
2020-04-09,2750,2750,2690,2720,9370,ELC
2020-04-10,2720,2740,2660,2670,9770,ELC
2020-04-13,2670,2690,2640,2640,15030,ELC
2020-04-14,2640,2750,2640,2640,10670,ELC
2020-04-15,2640,2740,2640,2740,45670,ELC
2020-04-16,2700,2760,2700,2750,28360,ELC
2020-04-17,2760,2890,2750,2860,47060,ELC
2020-04-20,2960,3060,2960,3060,73180,ELC
2020-04-21,3060,3210,3060,3130,132010,ELC
2020-04-22,3130,3130,2910,3050,50570,ELC
2020-04-23,3100,3100,3060,3070,21550,ELC
2020-04-24,3020,3070,3020,3030,16500,ELC
2020-04-27,3030,3090,3030,3040,27680,ELC
2020-04-28,3100,3100,2990,3040,44100,ELC
2020-04-29,3080,3090,2960,3080,17410,ELC
2020-05-04,3100,3210,3070,3100,81630,ELC
2020-05-05,3250,3250,3020,3020,14480,ELC
2020-05-06,2840,3210,2840,2940,26940,ELC
2020-05-07,2990,2990,2890,2960,42960,ELC
2020-05-08,2990,3100,2960,2990,40530,ELC
2020-05-11,3160,3160,2960,3160,30420,ELC
2020-05-12,3160,3250,3160,3190,65400,ELC
2020-05-13,3170,3170,3070,3140,33910,ELC
2020-05-14,3140,3190,3100,3100,8050,ELC
2020-05-15,3220,3220,2930,3090,14170,ELC
2020-05-18,3040,3120,3040,3110,22100,ELC
2020-05-19,3100,3130,3080,3130,35220,ELC
2020-05-20,3130,3130,3060,3060,52970,ELC
2020-05-21,3060,3100,3060,3100,55870,ELC
2020-05-22,3070,3080,3050,3070,14780,ELC
2020-05-25,3060,3090,3060,3090,69020,ELC
2020-05-26,3090,3190,3060,3160,83580,ELC
2020-05-27,3160,3160,3070,3120,39050,ELC
2020-05-28,3090,3090,3080,3090,26980,ELC
2020-05-29,3090,3090,3040,3090,22740,ELC
2020-06-01,3070,3070,2930,3060,55610,ELC
2020-06-02,3060,3060,3030,3060,62000,ELC
2020-06-03,3070,3070,3040,3040,30440,ELC
2020-06-04,3060,3060,3040,3050,69850,ELC
2020-06-05,3050,3100,3030,3060,94170,ELC
2020-06-08,3090,3280,3080,3280,282810,ELC
2020-06-09,3310,3480,3310,3450,407640,ELC
2020-06-10,3450,3510,3430,3490,169970,ELC
2020-06-11,3510,3730,3510,3510,494230,ELC
2020-06-12,3390,3710,3310,3710,244470,ELC
2020-06-15,3760,3760,3600,3600,425340,ELC
2020-06-16,3670,3670,3520,3600,107480,ELC
2020-06-17,3600,3600,3390,3480,66380,ELC
2020-06-18,3410,3440,3240,3360,201650,ELC
2020-06-19,3310,3340,3250,3340,193160,ELC
2020-06-22,3340,3550,3340,3440,130650,ELC
2020-06-23,3440,3540,3410,3430,196890,ELC
2020-06-24,3410,3480,3390,3440,147600,ELC
2020-06-25,3290,3480,3290,3420,85140,ELC
2020-06-26,3440,3440,3380,3420,80860,ELC
2020-06-29,3310,3410,3300,3350,148520,ELC
2020-06-30,3350,3380,3340,3350,132300,ELC
2020-07-01,3350,3450,3320,3440,184620,ELC
2020-07-02,3390,3410,3360,3410,23370,ELC
2020-07-03,3410,3510,3410,3430,61560,ELC
2020-07-06,3430,3430,3340,3370,41690,ELC
2020-07-07,3370,3390,3370,3390,76420,ELC
2020-07-08,3360,3380,3320,3320,43220,ELC
2020-07-09,3290,3420,3290,3340,71490,ELC
2020-07-10,3340,3350,3220,3340,41510,ELC
2020-07-13,3340,3340,3280,3320,21100,ELC
2020-07-14,3290,3350,3290,3310,143110,ELC
2020-07-15,3310,3330,3300,3310,177000,ELC
2020-07-16,3310,3320,3290,3310,68440,ELC
2020-07-17,3250,3330,3250,3310,70170,ELC
2020-07-20,3300,3300,3220,3240,88670,ELC
2020-07-21,3190,3240,3160,3160,81680,ELC
2020-07-22,3160,3160,3130,3160,20590,ELC
2020-07-23,3060,3130,3060,3090,46140,ELC
2020-07-24,3090,3090,2870,2960,110890,ELC
2020-07-27,2750,2760,2750,2750,138940,ELC
2020-07-28,2750,2800,2640,2800,85350,ELC
2020-07-29,2780,2780,2610,2640,79220,ELC
2020-07-30,2640,2690,2640,2690,134540,ELC
2020-07-31,2690,2880,2690,2880,127940,ELC
2020-08-03,3070,3080,2890,3040,90930,ELC
2020-08-04,2950,3010,2950,3010,88200,ELC
2020-08-05,3010,3010,2930,2980,116830,ELC
2020-08-06,2940,2990,2930,2970,71600,ELC
2020-08-07,2930,3160,2930,3100,190310,ELC
2020-08-10,3100,3100,3040,3070,62070,ELC
2020-08-11,3060,3080,3060,3060,99890,ELC
2020-08-12,3060,3060,2930,3040,50720,ELC
2020-08-13,3040,3040,2990,3040,45230,ELC
2020-08-14,3040,3240,3030,3130,252600,ELC
2020-08-17,3140,3310,3140,3290,318140,ELC
2020-08-18,3290,3480,3280,3480,262560,ELC
2020-08-19,3600,3620,3510,3540,401740,ELC
2020-08-20,3500,3500,3360,3420,233650,ELC
2020-08-21,3420,3480,3390,3410,123820,ELC
2020-08-24,3410,3540,3410,3470,190280,ELC
2020-08-25,3510,3510,3430,3430,199680,ELC
2020-08-26,3410,3450,3390,3390,93730,ELC
2020-08-27,3450,3630,3410,3630,963510,ELC
2020-08-28,3880,3880,3860,3880,1063620,ELC
2020-08-31,4150,4150,4040,4150,2172640,ELC
2020-09-01,3980,4150,3920,4010,820790,ELC
2020-09-03,3990,4130,3990,4080,588230,ELC
2020-09-04,3980,4090,3960,4059,895520,ELC
2020-09-07,4059,4270,4059,4090,664280,ELC
2020-09-08,4210,4240,4059,4160,408750,ELC
2020-09-09,4059,4260,4019,4210,489080,ELC
2020-09-10,4270,4440,4270,4290,540440,ELC
2020-09-11,4290,4320,4190,4210,353130,ELC
2020-09-14,4270,4270,4120,4190,500330,ELC
2020-09-15,4190,4260,4140,4190,510590,ELC
2020-09-16,4160,4390,4140,4340,575060,ELC
2020-09-17,4340,4580,4330,4420,710350,ELC
2020-09-18,4420,4450,4340,4360,326780,ELC
2020-09-21,4360,4360,4240,4290,392420,ELC
2020-09-22,4160,4300,4160,4250,350360,ELC
2020-09-23,4240,4300,4220,4220,260750,ELC
2020-09-24,4220,4240,4090,4160,339730,ELC
2020-09-25,4160,4180,4110,4160,284760,ELC
2020-09-28,4120,4210,4120,4130,244720,ELC
2020-09-29,4130,4210,4100,4110,217520,ELC
2020-09-30,4110,4140,4090,4090,206280,ELC
2020-10-01,4090,4110,4010,4040,357690,ELC
2020-10-02,4040,4059,3760,3960,349680,ELC
2020-10-05,3930,4180,3900,4160,373350,ELC
2020-10-06,4260,4260,4090,4120,159230,ELC
2020-10-07,4160,4160,4070,4070,148510,ELC
2020-10-08,4070,4070,4019,4040,295860,ELC
2020-10-09,4040,4040,3990,3990,181430,ELC
2020-10-12,3990,4010,3890,3890,232410,ELC
2020-10-13,3890,3980,3860,3910,109030,ELC
2020-10-14,3920,3930,3890,3900,199900,ELC
2020-10-15,3900,4030,3840,3880,249650,ELC
2020-10-16,3890,3900,3860,3870,47940,ELC
2020-10-19,3870,3890,3860,3860,157630,ELC
2020-10-20,3840,4010,3840,3990,143400,ELC
2020-10-21,3990,4050,3950,3990,161920,ELC
2020-10-22,3990,4040,3950,3970,131970,ELC
2020-10-23,3970,3990,3970,3970,194490,ELC
2020-10-26,4019,4019,3970,3970,110030,ELC
2020-10-27,3970,3980,3950,3970,72280,ELC
2020-10-28,3970,3970,3710,3710,197110,ELC
2020-10-29,3740,3740,3630,3710,80060,ELC
2020-10-30,3740,3740,3690,3690,50370,ELC
2020-11-02,3800,3800,3610,3690,90030,ELC
2020-11-03,3690,3940,3690,3860,72960,ELC
2020-11-04,3740,3940,3740,3860,504400,ELC
2020-11-05,3860,3860,3810,3820,100430,ELC
2020-11-06,3800,3820,3760,3800,89520,ELC
2020-11-09,3800,3860,3790,3840,148080,ELC
2020-11-10,3920,3930,3800,3840,145240,ELC
2020-11-11,3840,3860,3750,3840,113030,ELC
2020-11-12,3760,3830,3760,3790,74620,ELC
2020-11-13,3860,3860,3770,3840,74480,ELC
2020-11-16,3840,3840,3780,3800,72510,ELC
2020-11-17,3800,3810,3770,3800,64780,ELC
2020-11-18,3800,3800,3710,3790,102630,ELC
2020-11-19,3790,4050,3770,4050,783360,ELC
2020-11-20,4330,4330,4090,4310,741550,ELC
2020-11-23,4310,4320,4090,4180,126950,ELC
2020-11-24,4160,4160,4010,4059,490060,ELC
2020-11-25,4090,4190,3960,4010,256870,ELC
2020-11-26,4010,4150,3990,4010,478550,ELC
2020-11-27,4010,4190,4000,4090,246250,ELC
2020-11-30,4090,4090,4010,4080,82990,ELC
2020-12-01,4080,4080,3810,4040,170620,ELC
2020-12-02,4040,4250,4040,4200,391920,ELC
2020-12-03,4270,4360,4210,4320,567910,ELC
2020-12-04,4340,4340,4240,4270,326460,ELC
2020-12-07,4270,4450,4240,4390,499770,ELC
2020-12-08,4390,4410,4320,4400,341450,ELC
2020-12-09,4410,4590,4410,4480,474490,ELC
2020-12-10,4490,4490,4270,4270,430980,ELC
2020-12-11,4270,4370,4270,4350,274660,ELC
2020-12-14,4360,4400,4360,4390,307680,ELC
2020-12-15,4390,4400,4330,4330,451070,ELC
2020-12-16,4380,4560,4360,4510,677360,ELC
2020-12-17,4510,4810,4510,4810,1044520,ELC
2020-12-18,4850,4970,4850,4970,506170,ELC
2020-12-21,5000,5150,4910,5100,597630,ELC
2020-12-22,4990,5130,4960,5070,595780,ELC
2020-12-23,5070,5240,4970,5080,718100,ELC
2020-12-24,5070,5070,4730,4860,659070,ELC
2020-12-25,4900,5060,4740,4960,428420,ELC
2020-12-28,5030,5060,4890,4910,557320,ELC
2020-12-29,4960,5260,4910,5210,696710,ELC
2020-12-30,5180,5510,5090,5390,695590,ELC
2020-12-31,5440,5440,5260,5440,443620,ELC
2021-01-04,5390,5500,5390,5440,733000,ELC
2021-01-05,5430,5780,5390,5680,940700,ELC
2021-01-06,5680,5850,5610,5660,824800,ELC
2021-01-07,5660,5940,5590,5940,1055900,ELC
2021-01-08,6350,6350,5970,6140,587500,ELC
2021-01-11,6320,6320,6030,6200,352600,ELC
2021-01-12,6230,6260,6140,6230,407900,ELC
2021-01-13,6320,6640,6200,6640,1010500,ELC
2021-01-14,6960,7080,6730,6960,969000,ELC
2021-01-15,7200,7310,7020,7310,613300,ELC
2021-01-18,7490,7490,7200,7230,619400,ELC
2021-01-19,7230,7230,6730,6730,513700,ELC
2021-01-20,6730,6730,6260,6490,568400,ELC
2021-01-21,6840,6840,6520,6790,384100,ELC
2021-01-22,6670,6700,6490,6550,486700,ELC
2021-01-25,6440,6790,6440,6670,385400,ELC
2021-01-26,6670,6670,6260,6440,309100,ELC
2021-01-27,6440,6550,6000,6230,588500,ELC
2021-01-28,5800,5970,5800,5800,340200,ELC
2021-01-29,5390,5840,5390,5680,298600,ELC
2021-02-01,5680,5790,5290,5460,309000,ELC
2021-02-02,5460,5590,5240,5590,361300,ELC
2021-02-03,5560,5820,5350,5610,223800,ELC
2021-02-04,5610,5630,5360,5610,145800,ELC
2021-02-05,5560,5630,5500,5630,310500,ELC
2021-02-08,5630,5830,5630,5680,323800,ELC
2021-02-09,5690,5910,5610,5910,176600,ELC
2021-02-17,6030,6320,5970,6320,397700,ELC
2021-02-18,6610,6610,6410,6610,612800,ELC
2021-02-19,6670,6700,6520,6610,271400,ELC
2021-02-22,6610,6640,6460,6550,329900,ELC
2021-02-23,6550,6550,6440,6550,373200,ELC
2021-02-24,6550,6590,6320,6440,299800,ELC
2021-02-25,6460,6550,6350,6440,248800,ELC
2021-02-26,6170,6550,6170,6440,142100,ELC
2021-03-01,6440,6670,6410,6640,451100,ELC
2021-03-02,6640,6670,6460,6460,355600,ELC
2021-03-03,6380,6550,6380,6440,449100,ELC
2021-03-04,6440,6460,6140,6200,537500,ELC
2021-03-05,6200,6290,5970,6110,421200,ELC
2021-03-08,6320,6440,6060,6440,489500,ELC
2021-03-09,6440,6870,6320,6870,913400,ELC
2021-03-10,6870,7200,6790,6910,2220000,ELC
2021-03-11,6940,6940,6670,6670,1085000,ELC
2021-03-12,6670,7050,6670,6870,1193900,ELC
2021-03-15,7140,7340,7020,7340,1937300,ELC
2021-03-16,7550,7840,7550,7810,1874100,ELC
2021-03-17,7960,7960,7660,7720,836000,ELC
2021-03-18,7720,8250,7520,8250,1727300,ELC
2021-03-19,8220,8660,8070,8540,1009400,ELC
2021-03-22,8540,8780,8430,8570,1026300,ELC
2021-03-23,8490,8540,8109,8360,1478500,ELC
2021-03-24,8189,8189,7900,8039,869100,ELC
2021-03-25,7990,8160,7720,8010,867100,ELC
2021-03-26,7750,8140,7460,7750,828300,ELC
2021-03-29,8160,8160,7810,7960,566800,ELC
2021-03-30,7960,8160,7900,7930,463300,ELC
2021-03-31,7900,7960,7640,7900,745000,ELC
2021-04-01,7870,8140,7870,8010,362700,ELC
2021-04-02,8140,8189,8010,8010,760900,ELC
2021-04-05,8010,8570,7780,8570,1497900,ELC
2021-04-06,8600,8690,8490,8490,525900,ELC
2021-04-07,8490,8490,8189,8280,320100,ELC
2021-04-08,8280,8280,8010,8160,505700,ELC
2021-04-09,7960,8430,7960,8390,554100,ELC
2021-04-12,8360,8390,8039,8109,567800,ELC
2021-04-13,8140,8189,7780,7840,589800,ELC
2021-04-14,7780,7840,7520,7780,501000,ELC
2021-04-15,7780,7780,7430,7720,1168900,ELC
2021-04-16,7720,7720,7260,7370,632200,ELC
2021-04-19,7370,7550,7140,7260,417200,ELC
2021-04-20,7080,7260,6990,7050,554700,ELC
2021-04-22,6790,7020,6590,6590,569000,ELC
2021-04-23,6590,6910,6460,6910,436500,ELC
2021-04-26,6960,7200,6790,6940,511500,ELC
2021-04-27,6910,6960,6840,6910,144500,ELC
2021-04-28,6910,6960,6730,6910,186400,ELC
2021-04-29,6960,7260,6960,7050,429800,ELC
2021-05-04,6910,6910,6760,6760,325400,ELC
2021-05-05,6760,6960,6700,6910,406000,ELC
2021-05-06,6940,7260,6910,7050,549400,ELC
2021-05-07,7050,7050,6870,6960,297400,ELC
2021-05-10,6840,6910,6490,6840,369500,ELC
2021-05-11,6810,7140,6790,6940,568000,ELC
2021-05-12,6940,7140,6940,7080,427500,ELC
2021-05-13,6960,7400,6960,7290,384800,ELC
2021-05-14,7230,7290,7020,7160,396300,ELC
2021-05-17,7160,7260,7020,7200,257400,ELC
2021-05-18,7200,7200,6990,7140,420600,ELC
2021-05-19,7140,7140,6960,7050,253400,ELC
2021-05-20,7050,7050,6960,7020,347200,ELC
2021-05-21,7020,7260,7020,7140,611900,ELC
2021-05-24,7140,7640,7140,7640,673700,ELC
2021-05-25,7640,7870,7490,7640,254100,ELC
2021-05-26,7640,7900,7640,7780,684700,ELC
2021-05-27,7780,7870,7490,7490,590900,ELC
2021-05-28,7550,7640,7490,7550,302500,ELC
2021-05-31,7580,7580,7260,7430,365000,ELC
2021-06-01,7200,7370,7160,7260,316100,ELC
2021-06-02,7200,7610,7200,7490,326400,ELC
2021-06-03,7610,7900,7610,7870,880800,ELC
2021-06-04,8109,8109,7780,7870,616200,ELC
2021-06-07,7900,7960,7640,7840,937900,ELC
2021-06-08,7750,7840,7430,7610,708900,ELC
2021-06-09,7660,7900,7550,7870,875600,ELC
2021-06-10,7900,8390,7870,8390,1900800,ELC
2021-06-11,8720,8720,8490,8570,983500,ELC
2021-06-14,8780,8780,8460,8490,549700,ELC
2021-06-15,8490,9070,8390,8980,1663100,ELC
2021-06-16,9070,9360,8840,8920,992100,ELC
2021-06-17,8750,9300,8750,9240,959800,ELC
2021-06-18,9240,9360,9040,9130,1116500,ELC
2021-06-21,9130,9210,9010,9100,530800,ELC
2021-06-22,9130,9450,9070,9390,1234700,ELC
2021-06-23,9360,9480,9130,9130,747800,ELC
2021-06-24,9130,9270,9130,9210,873400,ELC
2021-06-25,9240,9480,9210,9300,852700,ELC
2021-06-28,9300,9480,9300,9420,943100,ELC
2021-06-29,9390,9510,9390,9420,534900,ELC
2021-06-30,9420,9450,9210,9360,521800,ELC
2021-07-01,9300,9300,9130,9300,584600,ELC
2021-07-02,9390,9390,9160,9300,577100,ELC
2021-07-05,9340,9340,9130,9300,273900,ELC
2021-07-06,9340,9360,9160,9270,520600,ELC
2021-07-07,9270,9270,8950,9040,608500,ELC
2021-07-08,8980,8980,8430,8750,603900,ELC
2021-07-09,8540,8720,8250,8600,388000,ELC
2021-07-12,8070,8360,8010,8189,450900,ELC
2021-07-13,8189,8490,8010,8310,139500,ELC
2021-07-14,8310,8840,8310,8600,654500,ELC
2021-07-15,8750,8840,8600,8840,1241300,ELC
2021-07-16,8770,8860,8690,8840,216900,ELC
2021-07-19,8500,9020,8470,8530,182000,ELC
2021-07-20,8710,8710,8230,8620,180000,ELC
2021-07-21,8620,8650,8500,8620,110200,ELC
2021-07-22,8620,8620,8440,8500,276300,ELC
2021-07-23,8470,8530,8350,8350,198200,ELC
2021-07-26,8310,8530,8310,8530,440200,ELC
2021-07-27,8770,8990,8590,8960,480400,ELC
2021-07-28,9020,9560,9020,9560,1242600,ELC
2021-07-29,9560,9870,9510,9560,545900,ELC
2021-07-30,9440,9990,9440,9690,797800,ELC
2021-08-02,9560,9900,9560,9720,891300,ELC
2021-08-03,9660,10140,9660,10140,1176300,ELC
2021-08-04,10360,10360,9900,10060,580100,ELC
2021-08-05,10060,10090,9840,10020,819500,ELC
2021-08-06,10110,10600,10060,10420,1843000,ELC
2021-08-09,10300,10600,10260,10570,853800,ELC
2021-08-10,10660,10690,10570,10690,583800,ELC
2021-08-11,10480,10600,10260,10420,985300,ELC
2021-08-12,10240,10480,10240,10360,665700,ELC
2021-08-13,10240,10640,10240,10600,839100,ELC
2021-08-16,10690,11030,10640,10910,1746600,ELC
2021-08-17,11000,11000,10660,10810,501100,ELC
2021-08-18,10840,10880,10660,10760,611900,ELC
2021-08-19,10760,10940,10540,10940,764300,ELC
2021-08-20,11090,11270,10840,10960,1905800,ELC
2021-08-23,11090,11730,11090,11700,1497100,ELC
2021-08-24,11580,11700,10910,11090,927400,ELC
2021-08-25,11090,11270,10960,11150,936000,ELC
2021-08-26,11270,11360,11120,11150,651800,ELC
2021-08-27,11090,11580,11090,11550,516600,ELC
2021-08-30,11760,12190,11700,12060,725400,ELC
2021-08-31,12190,12190,11880,12000,1034200,ELC
2021-09-01,11880,12190,11880,12130,655500,ELC
2021-09-06,12310,12430,12190,12430,646100,ELC
2021-09-07,12490,12490,11940,12430,739200,ELC
2021-09-08,12430,12460,12250,12370,677700,ELC
2021-09-09,12370,12460,12190,12400,587700,ELC
2021-09-10,12460,12460,12340,12460,556200,ELC
2021-09-13,12610,12910,12610,12890,903300,ELC
2021-09-14,12910,13770,12890,13770,1099500,ELC
2021-09-15,14140,14620,13830,14200,865900,ELC
2021-09-16,14320,14410,13410,14320,691500,ELC
2021-09-17,14380,14900,14380,14810,623600,ELC
2021-09-20,14990,14990,14620,14840,879700,ELC
2021-09-21,14380,14840,14380,14690,811300,ELC
2021-09-22,14780,14840,14470,14810,460900,ELC
2021-09-23,14930,15780,14900,15200,1255700,ELC
2021-09-24,15240,15720,15200,15690,939800,ELC
2021-09-27,15810,16210,15750,16110,1210400,ELC
2021-09-28,15840,16020,15240,16020,955700,ELC
2021-09-29,15990,16020,15600,15840,519100,ELC
2021-09-30,15840,16570,15840,16420,991500,ELC
2021-10-01,16420,16730,16149,16570,726000,ELC
2021-10-04,17030,17030,16510,16610,603300,ELC
2021-10-05,16610,16690,15750,15960,1541300,ELC
2021-10-06,15840,16450,15110,16450,1650300,ELC
2021-10-07,16760,17580,16610,17580,1618900,ELC
2021-10-08,17610,18610,17310,17970,1241000,ELC
2021-10-11,17970,18160,17670,17730,929400,ELC
2021-10-12,17550,17820,17390,17430,1077200,ELC
2021-10-13,17460,18460,17460,18460,982600,ELC
2021-10-14,18710,18800,18340,18680,694800,ELC
2021-10-15,18680,18680,18130,18400,1000300,ELC
2021-10-18,18590,18590,18060,18340,646200,ELC
2021-10-19,18280,18400,17730,18280,491700,ELC
2021-10-20,18280,18310,17850,18040,509500,ELC
2021-10-21,17850,17940,16970,17090,1624200,ELC
2021-10-22,17090,17090,16450,16690,1011200,ELC
2021-10-25,16450,17670,16450,17000,674400,ELC
2021-10-26,17190,17270,16810,16970,449200,ELC
2021-10-27,17000,17000,16760,16760,695400,ELC
2021-10-28,16760,17190,16760,16940,568200,ELC
2021-10-29,17120,17120,16690,16760,689700,ELC
2021-11-01,16760,17430,16660,17360,953400,ELC
2021-11-02,17360,17670,17240,17580,799000,ELC
2021-11-03,17670,17910,17060,17550,1009800,ELC
2021-11-04,17490,17490,16880,17150,726600,ELC
2021-11-05,17120,17120,16760,16810,523800,ELC
2021-11-08,16690,17190,16660,17000,559100,ELC
2021-11-09,16760,17360,16760,16940,490100,ELC
2021-11-10,16940,17060,16790,16850,396100,ELC
2021-11-11,16810,16850,16090,16210,1335300,ELC
2021-11-12,15840,16090,15110,15390,1847000,ELC
2021-11-15,15240,16149,15240,15660,575500,ELC
2021-11-16,15840,16570,15660,16110,518300,ELC
2021-11-17,15900,15960,15600,15780,364700,ELC
2021-11-18,15720,15960,15320,15600,467100,ELC
2021-11-19,15360,15390,14540,14540,830400,ELC
2021-11-22,13740,14560,13740,13950,957300,ELC
2021-11-23,13950,14930,13740,14930,290500,ELC
2021-11-24,15840,15840,15390,15600,500300,ELC
2021-11-25,15480,15900,15440,15690,289300,ELC
2021-11-26,15690,15690,15290,15600,478100,ELC
2021-11-29,15240,15440,15240,15410,350300,ELC
2021-11-30,15320,15630,15240,15290,416000,ELC
2021-12-01,15290,15510,14990,14990,286800,ELC
2021-12-02,14990,15110,14990,15020,184300,ELC
2021-12-03,15240,15840,14860,15290,339400,ELC
2021-12-06,15510,15600,15020,15050,313100,ELC
2021-12-07,15240,15540,14960,15290,245900,ELC
2021-12-08,15480,15480,15240,15320,269900,ELC
2021-12-09,15320,15410,15240,15320,155000,ELC
2021-12-10,15320,16390,15290,16390,1156700,ELC
2021-12-13,16940,17360,16510,17360,1554500,ELC
2021-12-14,17360,17790,17060,17190,1032300,ELC
2021-12-15,16880,17310,16880,17060,473500,ELC
2021-12-16,17060,17970,16640,17910,1814400,ELC
2021-12-17,18040,18040,17670,17670,755900,ELC
2021-12-20,17910,17910,17360,17490,394100,ELC
2021-12-21,17060,17360,16270,16329,1244800,ELC
2021-12-22,16360,16390,15540,15630,1251000,ELC
2021-12-23,15540,16239,15540,15840,488200,ELC
2021-12-24,15900,16940,15660,16940,667800,ELC
2021-12-27,17030,17030,16149,16570,363400,ELC
2021-12-28,16210,16329,16110,16149,480700,ELC
2021-12-29,15940,16640,15720,16180,470800,ELC
2021-12-30,16329,16390,16090,16210,240300,ELC
2021-12-31,16149,16210,15660,15720,313100,ELC
2022-01-04,15780,15990,15720,15780,274500,ELC
2022-01-05,15630,16090,15600,15840,675100,ELC
2022-01-06,16020,16020,15720,15840,323100,ELC
2022-01-07,15840,15840,15440,15720,622200,ELC
2022-01-10,15720,15720,14990,15240,533300,ELC
2022-01-11,14860,14860,14010,14620,407600,ELC
2022-01-12,14380,14620,13890,14320,356100,ELC
2022-01-13,14320,14930,14160,14410,308600,ELC
2022-01-14,14380,14810,13890,14410,212500,ELC
2022-01-17,14410,14410,13410,13650,389900,ELC
2022-01-18,13100,13890,12740,12860,285300,ELC
2022-01-19,12860,13410,12670,12950,199200,ELC
2022-01-20,12950,13830,12830,13800,204800,ELC
2022-01-21,13800,13890,13340,13800,165400,ELC
2022-01-24,13800,13800,13100,13440,141000,ELC
2022-01-25,12950,13340,12950,13190,78700,ELC
2022-01-26,13190,13310,12760,13220,160700,ELC
2022-01-27,13220,13340,13070,13250,119100,ELC
2022-01-28,13250,14160,13250,13710,155700,ELC
2022-02-07,13710,14160,13710,14010,106200,ELC
2022-02-08,14010,14540,14010,14320,87100,ELC
2022-02-09,14500,14620,14260,14260,154200,ELC
2022-02-10,14140,14290,13920,14230,221600,ELC
2022-02-11,14140,14140,13890,14010,91200,ELC
2022-02-14,14010,14010,13410,13710,270000,ELC
2022-02-15,13710,13710,13440,13620,162700,ELC
2022-02-16,13770,13770,13290,13440,203200,ELC
2022-02-17,13340,13560,13340,13410,141800,ELC
2022-02-18,13440,14320,13440,14320,702100,ELC
2022-02-21,14860,14900,14380,14410,339000,ELC
2022-02-22,14410,14960,14410,14960,907000,ELC
2022-02-23,15050,15170,14740,14930,486600,ELC
2022-02-24,14810,14840,13950,14080,617500,ELC
2022-02-25,14200,14860,14200,14440,295000,ELC
2022-02-28,14440,14620,14080,14350,199400,ELC
2022-03-01,14350,14740,14160,14620,395800,ELC
2022-03-02,14560,14690,14110,14260,399300,ELC
2022-03-03,14260,14560,14110,14260,304500,ELC
2022-03-04,14260,14860,14200,14560,730600,ELC
2022-03-07,15020,15020,14620,14810,811000,ELC
2022-03-08,14900,15240,14810,14990,1011300,ELC
2022-03-09,14990,15110,14590,14860,750600,ELC
2022-03-10,15110,15600,14810,15570,1134900,ELC
2022-03-11,15810,16540,15540,15900,2086900,ELC
2022-03-14,15900,16270,15540,15630,865400,ELC
2022-03-15,15630,15840,15290,15440,660900,ELC
2022-03-16,15600,15600,15410,15480,822600,ELC
2022-03-17,15360,16090,15360,15540,644400,ELC
2022-03-18,15540,16020,15540,15780,693300,ELC
2022-03-21,15810,16300,15810,15840,967300,ELC
2022-03-22,15960,15960,15600,15600,703800,ELC
2022-03-23,15480,15600,15110,15240,926600,ELC
2022-03-24,15080,15840,15080,15840,787000,ELC
2022-03-25,15840,16149,15480,15690,397900,ELC
2022-03-28,15540,15540,15080,15360,454800,ELC
2022-03-29,15510,16329,15240,16329,1576300,ELC
2022-03-30,16300,16940,16090,16810,3551100,ELC
2022-03-31,16940,17550,16810,17000,1637700,ELC
2022-04-01,16810,16940,16480,16760,957200,ELC
2022-04-04,16850,16880,16450,16450,1028300,ELC
2022-04-05,16210,17580,16210,17580,3501400,ELC
2022-04-06,17910,18250,17510,17730,1786300,ELC
2022-04-07,17490,17850,17060,17060,1142500,ELC
2022-04-08,17060,17360,15870,15870,2179100,ELC
2022-04-12,15900,16570,15360,15440,1485100,ELC
2022-04-13,15480,16450,15480,16390,768700,ELC
2022-04-14,16570,16810,15960,16390,972300,ELC
2022-04-15,16420,17030,16149,16760,1287400,ELC
2022-04-18,16760,17910,16760,17910,3934400,ELC
2022-04-19,18640,18640,17310,17310,2036600,ELC
2022-04-20,17000,18160,16510,17060,1217800,ELC
2022-04-21,16510,17000,15870,15870,2194300,ELC
2022-04-22,14780,15410,14780,14780,2327000,ELC
2022-04-25,14010,14350,13770,13770,1157800,ELC
2022-04-26,12830,13410,12830,12830,1605000,ELC
2022-04-27,12980,13590,12860,13590,813500,ELC
2022-04-28,13710,14260,13590,13590,631600,ELC
2022-04-29,13530,14010,13160,13560,836700,ELC
2022-05-04,13410,14320,13190,13770,701600,ELC
2022-05-05,13830,14010,13190,13530,564700,ELC
2022-05-06,13220,13370,12590,12590,823100,ELC
2022-05-09,11730,11880,11730,11730,501900,ELC
2022-05-10,10940,11390,10940,10940,1481300,ELC
2022-05-11,10960,11340,10660,11030,796900,ELC
2022-05-12,10880,10960,10260,10390,971800,ELC
2022-05-13,10180,10660,9690,9780,1411700,ELC
2022-05-16,10240,10360,9630,10060,400300,ELC
2022-05-17,9990,10760,9870,10760,518000,ELC
2022-05-18,10840,11340,10540,10960,469600,ELC
2022-05-19,10330,10960,10330,10960,440500,ELC
2022-05-20,10690,11300,10660,11090,499000,ELC
2022-05-23,11090,11270,10540,10720,429800,ELC
2022-05-24,10720,10840,10300,10840,302800,ELC
2022-05-25,10790,11270,10640,11210,646600,ELC
2022-05-26,11270,11700,11090,11580,506900,ELC
2022-05-27,11610,12000,11270,11760,420500,ELC
2022-05-30,11640,12060,11510,11880,447400,ELC
2022-05-31,11820,11880,11490,11640,606900,ELC
2022-06-01,11700,11700,11270,11580,408900,ELC
2022-06-02,11610,12090,11460,11760,881600,ELC
2022-06-03,11760,12250,11580,12190,679400,ELC
2022-06-06,12190,12400,11730,12060,807500,ELC
2022-06-07,11820,12000,11460,11850,429000,ELC
2022-06-08,11940,12190,11850,12090,410600,ELC
2022-06-09,12190,12250,11940,12130,367100,ELC
2022-06-10,11790,12000,11340,11340,870800,ELC
2022-06-13,10720,10810,10540,10540,764300,ELC
2022-06-14,9990,10660,9930,10240,434000,ELC
2022-06-15,10240,10360,9540,9540,731000,ELC
2022-06-16,9600,9840,9140,9660,408000,ELC
2022-06-17,8990,9410,8990,9320,487300,ELC
2022-06-20,9320,9440,8690,8690,253600,ELC
2022-06-21,8160,9260,8109,8109,321700,ELC
2022-06-22,8109,8650,7740,8650,416600,ELC
2022-06-23,8650,9230,8230,9230,237100,ELC
2022-06-24,9230,9750,9020,9750,259700,ELC
2022-06-27,9440,10240,9440,10020,192900,ELC
2022-06-28,10020,10090,9690,10090,210000,ELC
2022-06-29,10090,10090,9690,9990,222500,ELC
2022-06-30,9750,9990,9510,9510,219400,ELC
2022-07-01,9470,9630,9080,9560,155200,ELC
2022-07-04,9560,9750,9510,9630,96700,ELC
2022-07-05,9560,9810,9470,9470,125600,ELC
2022-07-06,9320,9780,9200,9260,112400,ELC
2022-07-07,9260,9630,8930,9560,222900,ELC
2022-07-08,9560,9750,9350,9660,117800,ELC
2022-07-11,9690,9690,9110,9510,115800,ELC
2022-07-12,9510,9750,9390,9720,223400,ELC
2022-07-13,9750,9930,9560,9930,218100,ELC
2022-07-14,9720,10060,9720,9990,85100,ELC
2022-07-15,9810,10060,9810,9930,112400,ELC
2022-07-18,9930,10060,9870,9960,154500,ELC
2022-07-19,9960,9960,9630,9960,121500,ELC
2022-07-20,10020,10360,9750,10260,465100,ELC
2022-07-21,10330,10330,9990,10240,175400,ELC
2022-07-22,10300,10300,9990,10060,134000,ELC
2022-07-25,9930,9930,9690,9870,128600,ELC
2022-07-26,9810,9930,9690,9840,99900,ELC
2022-07-27,9600,9780,9540,9720,105900,ELC
2022-07-28,9810,9990,9780,9870,182000,ELC
2022-07-29,9870,9990,9750,9870,124200,ELC
2022-08-01,9870,10140,9870,10110,310900,ELC
2022-08-02,10260,10260,10060,10240,178500,ELC
2022-08-03,10180,10480,10110,10420,377000,ELC
2022-08-04,10480,10570,10360,10450,471600,ELC
2022-08-05,10450,10540,10360,10510,242100,ELC
2022-08-08,10510,10510,10330,10480,317600,ELC
2022-08-09,10420,11090,10360,11090,1316700,ELC
2022-08-10,11090,11270,10790,10960,453900,ELC
2022-08-11,11030,11030,10330,10640,1020200,ELC
2022-08-12,10390,10660,10390,10640,438100,ELC
2022-08-15,10640,10690,10540,10690,297300,ELC
2022-08-16,10640,10720,10480,10540,249700,ELC
2022-08-17,10640,10690,10450,10640,412000,ELC
2022-08-18,10660,10660,10450,10570,243400,ELC
2022-08-19,10570,10570,10300,10420,292300,ELC
2022-08-22,10420,10420,9990,10110,342800,ELC
2022-08-23,9840,10060,9840,9990,261400,ELC
2022-08-24,10110,10180,9930,10090,344900,ELC
2022-08-25,10240,10240,10060,10110,234700,ELC
2022-08-26,10090,10140,9900,9900,298200,ELC
2022-08-29,9690,9810,9260,9350,452400,ELC
2022-08-30,9440,9560,9230,9390,387400,ELC
2022-08-31,9390,9690,9140,9630,206300,ELC
2022-09-05,9630,9840,9440,9510,165500,ELC
2022-09-06,9540,9690,9470,9540,269800,ELC
2022-09-07,9560,10180,9540,10060,1254500,ELC
2022-09-08,10360,10360,10020,10020,330500,ELC
2022-09-09,10060,10180,9510,9990,397400,ELC
2022-09-12,9930,10180,9440,9440,598700,ELC
2022-09-13,9440,9560,9140,9140,537500,ELC
2022-09-14,9390,9500,8960,9250,316200,ELC
2022-09-15,9290,9570,9210,9290,161500,ELC
2022-09-16,9290,9290,9000,9140,211900,ELC
2022-09-19,9110,9140,8540,8570,354400,ELC
2022-09-20,8570,8680,8360,8680,251800,ELC
2022-09-21,8360,8710,8360,8680,224300,ELC
2022-09-22,8610,8860,8570,8820,261900,ELC
2022-09-23,8820,8930,8790,8930,305900,ELC
2022-09-26,8820,8820,8430,8540,340400,ELC
2022-09-27,8570,8680,8540,8640,201200,ELC
2022-09-28,8610,8640,8360,8430,189100,ELC
2022-09-29,8430,8570,8290,8290,199500,ELC
2022-09-30,7930,8360,7860,8360,312400,ELC
2022-10-03,8360,8360,7860,8000,147700,ELC
2022-10-04,8070,8070,7640,7640,196700,ELC
2022-10-05,7500,8140,7500,8140,225000,ELC
2022-10-06,8430,8430,8070,8360,320900,ELC
2022-10-07,8360,8390,7790,7790,270700,ELC
2022-10-10,7710,7930,7500,7890,157200,ELC
2022-10-11,7860,7930,7360,7390,257300,ELC
2022-10-12,7140,7640,7000,7390,207400,ELC
2022-10-13,7500,7540,7290,7460,128400,ELC
2022-10-14,7710,7710,7460,7610,200900,ELC
2022-10-17,7610,7610,7290,7430,76100,ELC
2022-10-18,7460,7570,7360,7430,274800,ELC
2022-10-19,7430,7460,7360,7430,158800,ELC
2022-10-20,7430,7430,7140,7180,149100,ELC
2022-10-21,7180,7210,6680,6680,332400,ELC
2022-10-24,6320,6440,6210,6210,336300,ELC
2022-10-25,5820,6140,5790,5820,396800,ELC
2022-10-26,5860,5950,5570,5790,131200,ELC
2022-10-27,5820,6070,5710,5960,194200,ELC
2022-10-28,6140,6140,5930,5930,199800,ELC
2022-10-31,5930,5940,5570,5710,121300,ELC
2022-11-01,5600,5820,5600,5800,88900,ELC
2022-11-02,5800,5860,5760,5760,95900,ELC
2022-11-03,5790,6100,5790,6090,199300,ELC
2022-11-04,6070,6070,5710,5940,136000,ELC
2022-11-07,6070,6070,5640,5710,164300,ELC
2022-11-08,5570,5820,5540,5590,75900,ELC
2022-11-09,5570,5790,5570,5590,125500,ELC
2022-11-10,5590,5590,5200,5200,369800,ELC
2022-11-11,5290,5350,4840,4840,353700,ELC
2022-11-14,4570,4790,4510,4510,275700,ELC
2022-11-15,4250,4510,4190,4250,404700,ELC
2022-11-16,4000,4540,4000,4540,338700,ELC
2022-11-17,4640,4860,4640,4860,229400,ELC
2022-11-18,5140,5180,4730,5180,315200,ELC
2022-11-21,5190,5540,5180,5540,216500,ELC
2022-11-22,5210,5910,5210,5710,319000,ELC
2022-11-23,5710,5710,5470,5560,131800,ELC
2022-11-24,5250,5640,5250,5640,65700,ELC
2022-11-25,5640,5860,5640,5860,114600,ELC
2022-11-28,6190,6260,6060,6260,259600,ELC
2022-11-29,6440,6670,6260,6660,342700,ELC
2022-11-30,6790,6790,6570,6790,165200,ELC
2022-12-01,6790,7140,6790,7110,257100,ELC
2022-12-02,6800,7460,6710,7460,153800,ELC
2022-12-05,7570,7570,7090,7290,317600,ELC
2022-12-06,7290,7290,6780,6780,217200,ELC
2022-12-07,6430,6780,6360,6610,280300,ELC
2022-12-08,6610,6790,6610,6790,146100,ELC
2022-12-09,6790,6880,6540,6880,58600,ELC
2022-12-12,6650,7140,6650,6890,66900,ELC
2022-12-13,6860,6890,6640,6860,53100,ELC
2022-12-14,6990,6990,6730,6860,88700,ELC
2022-12-15,6750,6890,6750,6770,95700,ELC
2022-12-16,6770,6860,6640,6640,155300,ELC
2022-12-19,6640,6910,6610,6610,74200,ELC
2022-12-20,6360,6790,6150,6150,160500,ELC
2022-12-21,6040,6210,6040,6120,264100,ELC
2022-12-22,6280,6540,6120,6540,210400,ELC
2022-12-23,6540,6810,6540,6790,185500,ELC
2022-12-26,6810,6810,6430,6430,101400,ELC
2022-12-27,6360,6790,6320,6570,123000,ELC
2022-12-27,6440,6660,6440,6640,107000,ELC
2022-12-28,6780,7110,6500,7110,225600,ELC
2022-12-29,7140,7360,7040,7180,159200,ELC
2022-12-30,7070,7290,6930,6930,71200,ELC
2023-01-03,7140,7320,6930,7320,207300,ELC
2023-01-04,7320,7360,7110,7250,114500,ELC
2023-01-05,7180,7750,7180,7710,408500,ELC
2023-01-06,7750,7890,7430,7710,195700,ELC
2023-01-09,7790,7820,7360,7360,95000,ELC
2023-01-10,7360,7500,7000,7500,174900,ELC
2023-01-11,7570,7640,7320,7500,220400,ELC
2023-01-12,7360,7570,7290,7570,158100,ELC
2023-01-13,7570,7570,7140,7360,194000,ELC
2023-01-16,7320,7320,7110,7210,119000,ELC
2023-01-17,7250,7570,7180,7570,199000,ELC
2023-01-18,7540,8070,7360,8070,490700,ELC
2023-01-19,8180,8500,7890,8500,716600,ELC
2023-01-27,8500,8500,8140,8360,410700,ELC
2023-01-30,8320,8790,8140,8750,547200,ELC
2023-01-31,8570,9140,8430,9140,543500,ELC
2023-02-01,9140,9140,8710,9040,584300,ELC
2023-02-02,8930,8930,8570,8860,245900,ELC
2023-02-03,8890,8890,8610,8860,176300,ELC
2023-02-06,8750,8930,8640,8930,216100,ELC
2023-02-07,8930,8930,8430,8750,306800,ELC
2023-02-08,8250,8790,8250,8790,431400,ELC
2023-02-09,8750,8820,8430,8790,246800,ELC
2023-02-10,8710,8750,8460,8750,212400,ELC
2023-02-13,8570,8570,8320,8430,112700,ELC
2023-02-14,8390,8430,8290,8390,105700,ELC
2023-02-15,8390,8680,8290,8540,109900,ELC
2023-02-16,8640,8640,8460,8640,80300,ELC
2023-02-17,8570,9140,8570,9000,615300,ELC
2023-02-20,9070,9360,8930,9360,496600,ELC
2023-02-21,9360,9360,9070,9210,442200,ELC
2023-02-22,9290,9290,8710,8860,360700,ELC
2023-02-23,8640,8890,8250,8750,402500,ELC
2023-02-24,8500,8710,8430,8430,127100,ELC
2023-02-27,8570,8570,8360,8360,272400,ELC
2023-02-28,8360,8790,8360,8790,349500,ELC
2023-03-01,8710,9180,8570,9140,369500,ELC
2023-03-02,9140,9140,8820,8860,208600,ELC
2023-03-03,8790,8930,8710,8790,89200,ELC
2023-03-06,8860,8860,8680,8790,104400,ELC
2023-03-07,8790,8930,8710,8930,155400,ELC
2023-03-08,8930,9040,8710,9040,220900,ELC
2023-03-09,9070,9210,9040,9140,503500,ELC
2023-03-10,9140,9210,9110,9210,613600,ELC
2023-03-13,9040,9210,9040,9180,364100,ELC
2023-03-14,9000,9180,8680,8680,215400,ELC
2023-03-15,8930,9180,8860,9180,233600,ELC
2023-03-16,9180,9210,8930,9140,170700,ELC
2023-03-17,9140,9180,9000,9070,183800,ELC
2023-03-20,9070,9110,8890,9000,233300,ELC
2023-03-21,9000,9070,8710,9040,206500,ELC
2023-03-22,9070,9070,9040,9040,6100,ELC
2023-03-23,8930,9000,8930,9000,10100,ELC
2023-03-24,9000,9070,8890,8930,54100,ELC
2023-03-27,9000,9000,8820,8820,50700,ELC
2023-03-28,9000,9000,8860,8890,85700,ELC
2023-03-29,8930,8930,8790,8820,34700,ELC
2023-03-30,8930,9430,8930,9390,944300,ELC
2023-03-31,9610,9820,9430,9710,348200,ELC
2023-04-03,9930,10000,9710,9860,401700,ELC
2023-04-04,9820,9930,9680,9790,273500,ELC
2023-04-05,9860,9890,9710,9790,207100,ELC
2023-04-06,10000,10000,9710,9710,424700,ELC
2023-04-07,9710,9820,9640,9680,65500,ELC
2023-04-10,10000,10210,9710,9710,567600,ELC
2023-04-11,9860,9860,9610,9790,137700,ELC
2023-04-12,9860,9860,9680,9790,190000,ELC
2023-04-13,9750,9750,9540,9570,147200,ELC
2023-04-14,9570,9640,9250,9290,337100,ELC
2023-04-17,9140,9390,9040,9070,314600,ELC
2023-04-18,9110,9210,9040,9140,104800,ELC
2023-04-19,9290,9290,9180,9180,263400,ELC
2023-04-20,9290,9860,9250,9460,225600,ELC
2023-04-21,9710,9710,9500,9640,229100,ELC
2023-04-24,9820,9820,9500,9500,131500,ELC
2023-04-25,9610,9610,9210,9210,209200,ELC
2023-04-26,9290,9360,9180,9210,141000,ELC
2023-04-27,9460,9500,9290,9360,217500,ELC
2023-04-28,9390,9540,9360,9430,274900,ELC
2023-05-04,9500,10070,9500,10070,499800,ELC
2023-05-05,10290,10360,9930,9930,456100,ELC
2023-05-08,10110,10710,10070,10070,477000,ELC
2023-05-09,10140,10210,9930,10000,209100,ELC
2023-05-10,10110,10210,9960,10040,274500,ELC
2023-05-11,10430,10540,10140,10140,323900,ELC
2023-05-12,10140,10140,9930,9930,183900,ELC
2023-05-15,10070,10140,9680,9680,519700,ELC
2023-05-16,9680,9750,9570,9610,302800,ELC
2023-05-17,9640,9930,9570,9860,227300,ELC
2023-05-18,9860,10180,9820,10000,326800,ELC
2023-05-19,10180,10210,9960,10040,206700,ELC
2023-05-22,10290,10290,9930,10140,196600,ELC
2023-05-23,10070,10110,9960,10000,245200,ELC
2023-05-24,10360,10360,10110,10110,528100,ELC
2023-05-25,10110,10110,9930,10040,275700,ELC
2023-05-26,10040,10110,9860,10000,244900,ELC
2023-05-29,10070,10320,9930,10110,243400,ELC
2023-05-30,10110,10290,9930,10000,253900,ELC
2023-05-31,9960,10000,9860,9860,527200,ELC
2023-06-01,9930,9930,9750,9860,187900,ELC
2023-06-02,9930,10000,9710,9890,325200,ELC
2023-06-05,10040,10040,9820,10000,585100,ELC
2023-06-06,9890,10040,9890,10000,229600,ELC
2023-06-07,10000,10040,9640,9640,929700,ELC
2023-06-08,9640,9790,9290,9290,544400,ELC
2023-06-09,9290,9430,9140,9360,415700,ELC
2023-06-12,9360,9710,9360,9640,469200,ELC
2023-06-13,9750,9790,9610,9640,321100,ELC
2023-06-14,9640,9710,9430,9540,307400,ELC
2023-06-15,9540,9570,9390,9540,184100,ELC
2023-06-16,9540,9540,9360,9360,407300,ELC
2023-06-19,9500,9500,9290,9430,150400,ELC
2023-06-20,9290,9540,9290,9430,128300,ELC
2023-06-21,9430,9570,9390,9540,301700,ELC
2023-06-22,9640,9680,9540,9570,282900,ELC
2023-06-23,9540,9640,9430,9640,208500,ELC
2023-06-26,9570,9930,9500,9930,424100,ELC
2023-06-27,9960,9960,9790,9790,300600,ELC
2023-06-28,9750,9890,9710,9820,244500,ELC
2023-06-29,9790,9860,9570,9610,307500,ELC
2023-06-30,9610,9710,9460,9610,81800,ELC
2023-07-03,9610,9680,9500,9500,141000,ELC
2023-07-04,9640,9640,9460,9540,206300,ELC
2023-07-05,9570,9930,9570,9860,704000,ELC
2023-07-06,9860,10070,9860,9930,858800,ELC
2023-07-07,10000,10000,9820,9930,310700,ELC
2023-07-10,10000,10180,9930,10180,632900,ELC
2023-07-11,10320,10540,10180,10540,974600,ELC
2023-07-12,10540,10570,10360,10430,452200,ELC
2023-07-13,10430,10790,10360,10790,705800,ELC
2023-07-14,10860,10960,10710,10960,711000,ELC
2023-07-17,10960,11110,10890,10960,499500,ELC
2023-07-18,10930,11000,10820,10860,369400,ELC
2023-07-19,10930,10930,10680,10710,270500,ELC
2023-07-20,10710,10710,10500,10640,279600,ELC
2023-07-21,10640,11000,10640,10930,586100,ELC
2023-07-24,10930,11070,10860,10890,313200,ELC
2023-07-25,10930,11000,10710,10890,265600,ELC
2023-07-26,11000,11000,10640,10680,367600,ELC
2023-07-27,10790,10790,10570,10790,300400,ELC
2023-07-28,10790,11070,10750,11070,592200,ELC
2023-07-31,11210,11820,11180,11820,1139500,ELC
2023-08-01,11930,12430,11930,12290,948200,ELC
2023-08-02,12290,12500,12040,12500,1538500,ELC
2023-08-03,12710,12860,12500,12860,586400,ELC
2023-08-04,12860,13710,12860,13710,566100,ELC
2023-08-07,13710,13930,13290,13500,418400,ELC
2023-08-08,13500,14000,13500,14000,467400,ELC
2023-08-09,14250,14640,14070,14640,609800,ELC
2023-08-10,14360,14640,14110,14290,440100,ELC
2023-08-11,14210,14680,14140,14680,610600,ELC
2023-08-14,14790,14890,14290,14860,396700,ELC
2023-08-15,14960,14960,14710,14930,215300,ELC
2023-08-16,14640,15070,14360,15040,343500,ELC
2023-08-17,15000,15070,14710,15040,378800,ELC
2023-08-18,15040,15500,14790,15140,661600,ELC
2023-08-21,15000,15860,15000,15750,497800,ELC
2023-08-22,15710,16820,15710,16820,724100,ELC
2023-08-23,16860,17820,16860,17710,624600,ELC
2023-08-24,17860,17860,17000,17790,627800,ELC
2023-08-25,17640,17680,17210,17250,281100,ELC
2023-08-28,17360,17500,17070,17500,326100,ELC
2023-08-29,17570,17710,17210,17210,228500,ELC
2023-08-30,17460,17640,17140,17640,375300,ELC
2023-08-31,17890,18290,17860,18040,398500,ELC
2023-09-05,18180,18180,17320,17790,344700,ELC
2023-09-06,17750,17790,17140,17360,453100,ELC
2023-09-07,17540,17540,16500,16710,748400,ELC
2023-09-08,16790,17210,16710,17180,497800,ELC
2023-09-11,17250,17640,16820,17180,362400,ELC
2023-09-12,17290,17430,16860,17430,340600,ELC
2023-09-13,18140,18140,17430,17960,600700,ELC
2023-09-14,17960,18070,17390,17820,344800,ELC
2023-09-15,17790,17790,17210,17460,288600,ELC
2023-09-18,16860,17140,16570,17140,278100,ELC
2023-09-19,17140,17140,16640,17140,79600,ELC
2023-09-20,17360,17570,16860,17210,195400,ELC
2023-09-21,17210,17210,16860,17040,168200,ELC
2023-09-22,16750,17110,16500,16570,268200,ELC
2023-09-25,16500,16500,15640,15930,384200,ELC
2023-09-26,15430,16070,15430,15960,147700,ELC
2023-09-27,15820,16640,15570,16640,169400,ELC
2023-09-28,16430,16710,15930,16500,149400,ELC
2023-09-29,16000,16710,16000,16610,73000,ELC
2023-10-02,16610,16710,16250,16710,62400,ELC
2023-10-03,16210,16570,15860,16290,124000,ELC
2023-10-04,16000,16360,15790,16290,92200,ELC
2023-10-05,16290,16430,15790,16250,107500,ELC
2023-10-06,16210,16360,15790,16360,99400,ELC
2023-10-09,16360,16430,16070,16250,242100,ELC
2023-10-10,16290,16390,16210,16390,209900,ELC
2023-10-11,16390,17540,16390,17540,1009000,ELC
2023-10-12,17860,18460,17640,18000,533200,ELC
2023-10-13,18000,18070,17290,17930,358400,ELC
2023-10-16,17930,18500,17930,18290,596900,ELC
2023-10-17,18430,18430,17040,17040,434200,ELC
2023-10-18,18210,18210,15860,16930,702400,ELC
2023-10-19,16430,16570,15860,16570,345400,ELC
2023-10-20,16070,16790,16070,16790,170900,ELC
2023-10-23,16430,16500,16000,16360,142100,ELC
2023-10-24,15930,16430,15930,16390,71200,ELC
2023-10-25,16460,16710,16070,16210,160000,ELC
2023-10-26,15890,15930,15110,15110,327300,ELC
2023-10-27,15110,15320,14070,15110,146100,ELC
2023-10-30,14360,15000,14070,14070,240600,ELC
2023-10-31,14070,14210,13570,14070,232900,ELC
2023-11-01,14000,15040,13930,15040,194100,ELC
2023-11-02,15360,16070,15140,16070,172500,ELC
2023-11-03,16640,16640,15890,16430,219100,ELC
2023-11-06,16390,16680,16250,16680,181200,ELC
2023-11-07,16680,16790,16430,16710,142900,ELC
2023-11-08,16710,17210,16540,17140,224500,ELC
2023-11-09,17140,17430,16790,17140,403000,ELC
2023-11-10,16790,17140,16790,16930,120100,ELC
2023-11-13,16570,16930,16430,16640,161500,ELC
2023-11-14,16640,16860,16430,16680,108200,ELC
2023-11-15,16790,17070,16640,16680,149500,ELC
2023-11-16,16710,17820,16610,17820,943300,ELC
2023-11-17,18000,18180,17570,17860,528700,ELC
2023-11-20,17790,19110,17540,18820,990800,ELC
2023-11-21,18930,18960,18610,18860,526700,ELC
2023-11-22,18960,19790,18960,19500,878100,ELC
2023-11-23,19790,19790,18140,18140,727800,ELC
2023-11-24,18140,18430,17360,18430,1285100,ELC
2023-11-27,18640,19290,18460,18710,765500,ELC
2023-11-28,18750,18750,18070,18610,559400,ELC
2023-11-29,18640,18680,18070,18320,644800,ELC
2023-11-30,18430,18820,18430,18640,801000,ELC
2023-12-01,18610,18610,18070,18390,524600,ELC
2023-12-04,18290,18500,18210,18360,1052700,ELC
2023-12-05,18460,18460,18290,18320,939200,ELC
2023-12-06,19000,19550,18750,19550,1172700,ELC
2023-12-07,19800,19800,19050,19600,832800,ELC
2023-12-08,19900,20000,19350,19500,483700,ELC
2023-12-11,19800,19800,19250,19350,283900,ELC
2023-12-12,19400,19550,19100,19350,335700,ELC
2023-12-13,19400,19400,18800,18900,667200,ELC
2023-12-14,19000,19400,18850,19150,487200,ELC
2023-12-15,19000,19250,18800,18800,291600,ELC
2023-12-18,19000,19000,18650,18650,294800,ELC
2023-12-19,18600,18900,18500,18750,198700,ELC
2023-12-20,18750,19100,18750,18950,222600,ELC
2023-12-21,18950,19000,18700,19000,150900,ELC
2023-12-22,19200,19950,19200,19700,792800,ELC
2023-12-25,19750,19900,19600,19900,395200,ELC
2023-12-26,20000,21000,20000,20700,736400,ELC
2023-12-27,20950,20950,20250,20550,669500,ELC
2023-12-28,20450,20850,20400,20450,474400,ELC
2023-12-29,20450,20850,20450,20850,619700,ELC
2024-01-02,20800,21000,20700,20850,395800,ELC
2024-01-03,20850,21550,20600,21250,747800,ELC
2024-01-04,21500,21600,21100,21100,518300,ELC
2024-01-05,21250,21250,20500,20950,548900,ELC
2024-01-08,21000,21000,20800,20900,507700,ELC
2024-01-09,20750,20900,20650,20800,253200,ELC
2024-01-10,20800,20800,20450,20500,308800,ELC
2024-01-11,20500,20800,20400,20750,214500,ELC
2024-01-12,20700,20700,19600,19600,538900,ELC
2024-01-15,19600,20000,18900,19000,774900,ELC
2024-01-16,18850,19300,18850,19100,486000,ELC
2024-01-17,19400,19850,19100,19100,403900,ELC
2024-01-18,19100,19350,19000,19350,757500,ELC
2024-01-19,19400,19500,19050,19300,525400,ELC
2024-01-22,19200,19300,19000,19050,1091000,ELC
2024-01-23,19050,19200,19000,19050,297300,ELC
2024-01-24,19000,19400,19000,19150,450100,ELC
2024-01-25,19150,19350,19050,19100,367000,ELC
2024-01-26,19200,19400,19100,19400,485400,ELC
2024-01-29,19500,20700,19500,20100,988700,ELC
2024-01-30,20250,20300,20050,20200,592700,ELC
2024-01-31,20500,20800,20200,20250,901300,ELC
2024-02-01,20300,21650,20300,21650,2705300,ELC
2024-02-02,22100,22100,21500,21700,600400,ELC
2024-02-05,21750,22700,21700,21850,1077900,ELC
2024-02-06,21850,21850,21500,21750,566300,ELC
2024-02-07,21650,22200,21600,21850,749400,ELC
2024-02-15,21900,22000,21550,21550,412400,ELC
2024-02-16,21700,22050,21500,21700,684600,ELC
2024-02-19,21600,21700,21450,21550,485400,ELC
2024-02-20,21500,21600,21050,21150,932700,ELC
2024-02-21,21200,21950,21200,21500,563900,ELC
2024-02-22,21500,21700,21400,21400,382000,ELC
2024-02-23,21400,21600,20200,20900,710100,ELC
2024-02-26,20900,21600,20500,21600,526500,ELC
2024-02-27,21900,22600,21700,22350,2129400,ELC
2024-02-28,22550,22550,21850,22200,624400,ELC
2024-02-29,22200,22400,21600,21700,833400,ELC
2024-03-01,21700,22900,21500,22600,1386300,ELC
